Nom,URL de Clonage,Dernière Mise à Jour
go,https://github.com/golang/go.git,2023-09-28 13:25:33 +0000 UTC
tools,https://github.com/golang/tools.git,2023-09-28 13:20:28 +0000 UTC
vuln,https://github.com/golang/vuln.git,2023-09-28 11:32:54 +0000 UTC
example,https://github.com/golang/example.git,2023-09-28 11:32:09 +0000 UTC
net,https://github.com/golang/net.git,2023-09-28 11:20:01 +0000 UTC
dep,https://github.com/golang/dep.git,2023-09-28 10:36:42 +0000 UTC
sys,https://github.com/golang/sys.git,2023-09-28 10:26:47 +0000 UTC
crypto,https://github.com/golang/crypto.git,2023-09-28 10:26:47 +0000 UTC
proposal,https://github.com/golang/proposal.git,2023-09-28 09:33:19 +0000 UTC
mobile,https://github.com/golang/mobile.git,2023-09-28 08:23:51 +0000 UTC
protobuf,https://github.com/golang/protobuf.git,2023-09-28 07:43:33 +0000 UTC
website,https://github.com/golang/website.git,2023-09-28 05:50:55 +0000 UTC
groupcache,https://github.com/golang/groupcache.git,2023-09-28 04:54:41 +0000 UTC
exp,https://github.com/golang/exp.git,2023-09-28 01:42:18 +0000 UTC
vscode-go,https://github.com/golang/vscode-go.git,2023-09-27 23:25:05 +0000 UTC
sublime-build,https://github.com/golang/sublime-build.git,2023-09-27 20:10:54 +0000 UTC
oauth2,https://github.com/golang/oauth2.git,2023-09-27 17:37:43 +0000 UTC
geo,https://github.com/golang/geo.git,2023-09-27 13:52:54 +0000 UTC
pkgsite,https://github.com/golang/pkgsite.git,2023-09-27 08:35:35 +0000 UTC
mock,https://github.com/golang/mock.git,2023-09-27 07:15:09 +0000 UTC
lint,https://github.com/golang/lint.git,2023-09-27 07:01:13 +0000 UTC
sync,https://github.com/golang/sync.git,2023-09-27 02:49:07 +0000 UTC
govulncheck-action,https://github.com/golang/govulncheck-action.git,2023-09-26 14:01:16 +0000 UTC
freetype,https://github.com/golang/freetype.git,2023-09-25 16:36:22 +0000 UTC
glog,https://github.com/golang/glog.git,2023-09-24 17:29:08 +0000 UTC
arch,https://github.com/golang/arch.git,2023-09-24 10:56:49 +0000 UTC
image,https://github.com/golang/image.git,2023-09-23 18:05:26 +0000 UTC
tour,https://github.com/golang/tour.git,2023-09-23 07:21:16 +0000 UTC
leveldb,https://github.com/golang/leveldb.git,2023-09-23 00:23:19 +0000 UTC
playground,https://github.com/golang/playground.git,2023-09-22 06:24:40 +0000 UTC
debug,https://github.com/golang/debug.git,2023-09-22 04:30:43 +0000 UTC
dl,https://github.com/golang/dl.git,2023-09-22 03:45:05 +0000 UTC
time,https://github.com/golang/time.git,2023-09-21 09:58:27 +0000 UTC
vulndb,https://github.com/golang/vulndb.git,2023-09-20 13:40:00 +0000 UTC
build,https://github.com/golang/build.git,2023-09-20 09:58:28 +0000 UTC
gofrontend,https://github.com/golang/gofrontend.git,2023-09-19 04:04:28 +0000 UTC
term,https://github.com/golang/term.git,2023-09-17 17:55:09 +0000 UTC
text,https://github.com/golang/text.git,2023-09-15 21:51:03 +0000 UTC
snappy,https://github.com/golang/snappy.git,2023-09-15 15:05:14 +0000 UTC
appengine,https://github.com/golang/appengine.git,2023-09-15 02:57:52 +0000 UTC
benchmarks,https://github.com/golang/benchmarks.git,2023-09-12 05:17:06 +0000 UTC
mod,https://github.com/golang/mod.git,2023-09-11 07:51:12 +0000 UTC
blog,https://github.com/golang/blog.git,2023-09-08 16:52:40 +0000 UTC
gddo,https://github.com/golang/gddo.git,2023-09-07 05:01:05 +0000 UTC
vgo,https://github.com/golang/vgo.git,2023-09-04 14:59:09 +0000 UTC
xerrors,https://github.com/golang/xerrors.git,2023-09-04 06:49:16 +0000 UTC
perf,https://github.com/golang/perf.git,2023-08-28 06:09:39 +0000 UTC
talks,https://github.com/golang/talks.git,2023-08-25 00:29:49 +0000 UTC
telemetry,https://github.com/golang/telemetry.git,2023-08-21 01:21:24 +0000 UTC
review,https://github.com/golang/review.git,2023-08-16 02:03:36 +0000 UTC
pkgsite-metrics,https://github.com/golang/pkgsite-metrics.git,2023-08-02 11:40:53 +0000 UTC
cwg,https://github.com/golang/cwg.git,2023-07-16 13:29:41 +0000 UTC
go-get-issue-15410,https://github.com/golang/go-get-issue-15410.git,2023-06-23 18:11:57 +0000 UTC
sublime-config,https://github.com/golang/sublime-config.git,2023-06-22 23:19:38 +0000 UTC
winstrap,https://github.com/golang/winstrap.git,2023-06-22 23:18:54 +0000 UTC
scratch,https://github.com/golang/scratch.git,2023-06-22 23:17:26 +0000 UTC
.allstar,https://github.com/golang/.allstar.git,2023-06-22 23:10:45 +0000 UTC
.github,https://github.com/golang/.github.git,2023-05-17 05:41:25 +0000 UTC
